name,type,lineno,args_count,complexity,docstring_len,decorators_count
pdm_build_initialize,function,9,1,7,0,0
main,function,26,0,18,0,0
callback,function,20,0,1,0,1
generate_readme_content,function,25,0,2,0,0
generate_readme,function,44,0,1,45,1
verify_readme,function,55,0,2,43,1
live,function,72,1,2,237,1
build,function,90,0,1,15,1
serve,function,100,0,1,203,1
generate_docs_src_versions_for_file,function,122,1,3,0,1
generate_renamed_section_items,function,9,1,6,0,0
on_nav,function,34,1,1,0,0
test_split_annotations_from_typer_annotations_simple,function,17,0,3,0,0
test_forbid_default_value_in_annotated_argument,function,27,0,3,0,0
cmd,function,33,1,1,0,1
test_allow_options_to_have_names,function,44,0,3,0,0
cmd,function,48,1,1,0,1
test_forbid_annotated_param_and_default_param,function,63,2,3,0,1
cmd,function,67,1,1,0,1
test_forbid_multiple_typer_params_in_annotated,function,79,0,3,0,0
cmd,function,83,1,1,0,1
test_allow_multiple_non_typer_params_in_annotated,function,93,0,3,0,0
cmd,function,97,1,1,0,1
test_forbid_default_factory_and_default_value_in_annotated,function,113,2,3,0,1
make_string,function,114,0,1,0,0
cmd,function,120,1,1,0,1
test_allow_default_factory_with_default_param,function,140,1,3,0,1
make_string,function,141,0,1,0,0
cmd,function,147,1,1,0,1
test_forbid_default_and_default_factory_with_default_param,function,162,2,3,0,1
make_string,function,163,0,1,0,0
cmd,function,169,1,1,0,1
test_error_rendering,function,231,2,2,0,1
test_annotated_argument_with_default,function,13,0,5,0,0
cmd,function,17,1,1,0,1
test_annotated_argument_in_string_type_with_default,function,30,0,5,0,1
cmd,function,34,1,1,0,1
test_annotated_argument_with_default_factory,function,46,0,5,0,0
make_string,function,49,0,1,0,0
cmd,function,53,1,1,0,1
test_annotated_option_with_argname_doesnt_mutate_multiple_calls,function,65,0,6,0,0
cmd,function,69,1,2,0,1
test_annotated_custom_path,function,84,0,4,0,0
custom_parser,function,94,1,2,0,1
test_warns_when_callback_is_not_supported,function,8,0,3,0,0
callback,function,14,0,1,27,1
test_warns_when_callback_is_not_supported_added_after_add_typer,function,28,0,3,0,0
callback,function,35,0,1,27,1
test_hidden_option,function,10,0,7,0,0
test_hidden_option_no_rich,function,20,1,7,0,0
test_coverage_call,function,32,0,3,0,0
test_deprecation,function,10,0,2,0,0
add_command,function,13,0,1,0,0
cmd,function,15,1,1,0,1
test_eoferror,function,10,0,2,0,0
main,function,15,0,1,0,1
test_keyboardinterrupt,function,22,0,3,0,0
main,function,27,0,1,0,1
test_oserror,function,35,0,2,0,0
main,function,40,0,1,0,1
test_oserror_no_epipe,function,49,0,2,0,0
main,function,54,0,1,0,1
test_annotated,function,11,0,6,0,0
cmd,function,15,1,2,0,1
test_launch_url_unix,function,18,2,2,0,1
test_launch_url_windows,function,31,0,2,0,0
test_launch_url_no_xdg_open,function,41,0,2,0,0
test_calls_original_launch_when_not_passing_urls,function,52,0,2,0,0
test_help_from_info,function,24,0,2,0,0
test_defaults_from_info,function,30,0,2,0,0
test_too_many_parsers,function,36,0,2,0,0
custom_parser,function,37,1,1,0,0
convert,function,43,4,1,0,0
test_valid_parser_permutations,function,60,0,1,0,0
custom_parser,function,61,1,1,0,0
convert,function,67,4,1,0,0
test_install_invalid_shell,function,81,0,4,0,1
main,function,85,0,1,0,1
test_callback_too_many_parameters,function,97,0,3,0,0
name_callback,function,100,4,1,0,0
main,function,104,1,1,0,1
test_callback_2_untyped_parameters,function,114,0,3,0,0
name_callback,function,117,2,1,0,0
main,function,122,1,1,0,1
test_callback_3_untyped_parameters,function,130,0,4,0,0
name_callback,function,133,3,1,0,0
main,function,139,1,1,0,1
test_callback_4_list_none,function,148,0,6,0,0
names_callback,function,151,3,3,0,0
main,function,157,1,2,0,1
test_empty_list_default_generator,function,174,0,2,0,0
empty_list,function,175,0,1,0,0
main,function,181,1,1,0,1
test_completion_argument,function,190,0,6,0,0
test_completion_untyped_parameters,function,209,0,7,0,0
test_completion_untyped_parameters_different_order_correct_names,function,235,0,7,0,0
test_autocompletion_too_many_parameters,function,261,0,3,0,0
name_callback,function,264,4,1,0,0
main,function,268,1,1,0,1
test_forward_references,function,276,0,3,0,0
main,function,280,5,1,0,1
test_context_settings_inheritance_single_command,function,297,0,2,0,0
main,function,301,1,1,0,1
test_split_opt,function,308,0,9,0,0
test_options_metadata_typer_default,function,326,0,3,0,0
c1,function,330,0,1,0,1
c2,function,334,0,1,0,1
test_default_with_class_with_custom_eq,function,7,0,7,0,0
__init__,function,13,2,1,0,0
__eq__,function,16,2,3,0,0
__ne__,function,24,2,1,0,0
cmd,function,28,1,1,0,1
test_custom_prog_name,function,6,0,2,0,0
test_rich_not_imported_unnecessary,function,8,0,4,0,0
test_rich_markup_mode_none,function,10,0,6,0,0
main,function,14,1,1,13,1
test_rich_markup_mode_rich,function,28,0,5,0,0
main,function,32,1,1,13,1
test_markup_mode_newline_pr815,function,60,2,10,0,1
main,function,64,1,1,34,1
test_markup_mode_newline_issue447,function,98,2,10,0,1
main,function,102,1,1,32,1
test_markup_mode_newline_mixed,function,171,2,11,0,1
main,function,175,1,1,58,1
test_markup_mode_bullets_single_newline,function,215,2,10,0,1
main,function,219,1,1,23,1
test_markup_mode_bullets_double_newline,function,258,2,10,0,1
main,function,262,1,1,25,1
test_markup_mode_default,function,288,0,2,0,0
test_rich_utils_click_rewrapp,function,10,0,6,0,0
main,function,14,0,1,32,1
secondary,function,24,0,1,37,1
test_rich_help_no_commands,function,43,0,3,92,0
main,function,48,0,1,0,1
test_rich_doesnt_print_None_default,function,57,0,9,0,0
main,function,61,3,1,0,1
test_rich_markup_import_regression,function,86,0,5,0,0
main,function,96,1,1,0,1
test_typo_suggestion_enabled,function,7,0,4,44,0
create,function,12,0,1,0,1
delete,function,16,0,1,0,1
test_typo_suggestion_multiple_matches,function,25,0,6,78,0
create,function,30,0,1,0,1
createnew,function,34,0,1,0,1
test_typo_suggestion_no_matches,function,44,0,4,66,0
create,function,49,0,1,0,1
delete,function,53,0,1,0,1
test_typo_suggestion_exact_match_works,function,62,0,5,43,0
create,function,67,0,1,0,1
delete,function,71,0,1,0,1
test_typo_suggestion_disabled,function,83,0,4,53,0
create,function,88,0,1,0,1
delete,function,92,0,1,0,1
test_traceback_no_rich,function,7,0,5,0,0
test_traceback_no_rich_short_disable,function,26,0,5,0,0
test_unmodified_traceback,function,45,0,6,0,0
hello,function,15,1,1,0,1
test_enum_choice,function,22,0,7,0,0
test_optional,function,15,0,6,0,0
opt,function,19,1,2,0,1
test_union_type_optional,function,35,0,6,0,1
opt,function,39,1,2,0,1
test_optional_tuple,function,54,0,6,0,0
opt,function,58,1,2,0,1
test_no_type,function,73,0,3,0,0
no_type,function,77,1,1,0,1
test_list_parameters_convert_to_lists,function,95,1,5,0,1
list_conversion,function,102,1,4,0,1
test_tuple_parameter_elements_are_converted_recursively,function,121,1,5,0,1
tuple_recursive_conversion,function,128,1,4,0,1
test_custom_parse,function,137,0,3,0,0
custom_parser,function,141,1,2,0,1
test_custom_click_type,function,150,0,3,0,0
convert,function,154,4,1,0,0
custom_click_type,function,165,1,2,0,1
strip_double_spaces,function,27,1,1,0,0
normalize_rich_output,function,31,3,2,65,0
__init__,function,24,1,1,0,0
maybe_update_state,function,34,1,7,0,0
list_commands,function,56,2,1,0,0
get_command,function,60,3,1,0,0
invoke,function,64,2,1,0,0
maybe_add_run,function,68,2,1,0,0
get_typer_from_module,function,73,1,14,0,0
get_typer_from_state,function,121,0,5,0,0
maybe_add_run_to_cli,function,140,1,6,0,0
print_version,function,153,3,3,0,0
callback,function,161,1,1,193,1
get_docs_for_click,function,186,0,29,0,0
_parse_html,function,270,2,2,0,0
docs,function,279,4,7,39,1
main,function,316,0,1,0,0
get_completion_inspect_parameters,function,18,0,3,0,0
install_callback,function,31,3,4,0,0
show_callback,function,43,3,7,0,0
_install_completion_placeholder_function,function,65,2,1,0,0
_install_completion_no_auto_placeholder_function,function,84,2,1,0,0
shell_complete,function,106,5,5,0,0
_split_opt,function,41,1,3,0,0
_typer_param_setup_autocompletion_compat,function,50,1,7,0,0
compat_autocompletion,function,69,3,5,0,0
_get_default_string,function,91,1,15,0,0
_extract_default_help_str,function,140,1,1,0,0
_main,function,158,1,21,0,0
__init__,function,253,1,1,0,0
_get_default_string,function,307,1,1,0,0
_extract_default_help_str,function,321,1,1,0,0
get_help_record,function,326,2,17,0,0
make_metavar,function,382,2,9,0,0
value_is_missing,function,409,2,1,0,0
__init__,function,414,1,1,0,0
_get_default_string,function,483,1,1,0,0
_extract_default_help_str,function,497,1,1,0,0
make_metavar,function,502,2,2,0,0
get_help_record,function,510,2,27,0,0
_write_opts,function,519,1,4,0,0
value_is_missing,function,605,2,1,0,0
_value_is_missing,function,609,2,5,0,0
_typer_format_options,function,623,1,9,0,0
_typer_main_shell_completion,function,644,1,3,0,0
__init__,function,666,2,1,0,0
format_options,function,702,3,1,0,0
_main_shell_completion,function,707,4,1,0,0
main,function,717,6,1,0,0
format_help,function,737,3,6,0,0
__init__,function,754,1,1,0,0
format_options,function,772,3,1,0,0
_main_shell_completion,function,778,4,1,0,0
resolve_command,function,788,3,7,0,0
main,function,805,6,1,0,0
format_help,function,825,3,3,0,0
list_commands,function,836,2,2,164,0
except_hook,function,58,3,10,0,0
get_install_completion_arguments,function,109,0,1,0,0
__init__,function,117,1,1,0,0
callback,function,175,1,2,0,0
decorator,function,196,1,2,0,0
command,function,221,2,3,0,0
decorator,function,241,1,2,0,0
add_typer,function,266,2,2,0,0
__call__,function,315,1,3,0,0
_info_val_str,function,338,2,2,0,0
get_group,function,345,1,1,0,0
get_command,function,355,1,11,0,0
solve_typer_info_help,function,393,1,18,0,0
solve_typer_info_defaults,function,438,1,7,0,0
get_group_from_info,function,473,1,11,0,0
get_command_name,function,551,1,1,0,0
get_params_convertors_ctx_param_name_from_function,function,555,1,5,0,0
get_command_from_info,function,574,1,5,0,0
determine_type_convertor,function,619,1,3,0,0
param_path_convertor,function,628,1,2,0,0
generate_enum_convertor,function,636,1,4,0,0
convertor,function,639,1,3,0,0
generate_list_convertor,function,649,2,5,0,0
internal_convertor,function,652,1,5,0,0
generate_tuple_convertor,function,660,1,4,0,0
internal_convertor,function,665,1,3,0,0
get_callback,function,678,0,9,0,0
wrapper,function,697,0,4,0,0
get_click_type,function,712,0,30,0,0
lenient_issubclass,function,815,2,2,0,0
get_click_param,function,821,1,25,0,0
get_param_callback,function,984,0,15,0,0
wrapper,function,1018,3,5,0,0
get_param_completion,function,1036,1,18,0,0
wrapper,function,1075,3,4,0,0
run,function,1089,1,1,0,0
_is_macos,function,1095,0,1,0,0
_is_linux_or_bsd,function,1099,0,2,0,0
launch,function,1106,3,6,1319,0
__init__,function,60,2,1,0,0
__bool__,function,63,1,1,0,0
Default,function,72,1,1,152,0
__init__,function,83,2,1,0,0
__init__,function,118,2,1,0,0
__init__,function,163,1,3,0,0
__init__,function,272,1,3,0,0
__init__,function,401,1,1,0,0
__init__,function,508,1,1,0,0
__init__,function,521,1,1,0,0
shell_complete,function,535,4,1,102,0
Option,function,13,1,1,0,1
Option,function,79,1,1,0,1
Option,function,143,1,1,0,0
Argument,function,265,1,1,0,1
Argument,function,322,1,1,0,1
Argument,function,377,1,1,0,0
_get_rich_console,function,127,1,1,0,0
_make_rich_text,function,148,0,3,187,0
_get_help_text,function,167,0,6,241,1
_get_parameter_help,function,214,0,19,253,0
_make_command_help,function,303,0,4,349,0
_print_options_panel,function,330,0,22,0,0
_print_commands_panel,function,458,0,10,0,0
rich_format_help,function,534,0,24,329,0
rich_format_error,function,676,1,5,191,0
rich_abort_error,function,709,0,1,35,0
escape_before_html_export,function,715,1,1,57,0
rich_to_html,function,720,1,1,180,0
rich_render_text,function,733,1,2,54,0
get_traceback,function,739,3,1,0,0
invoke,function,11,7,1,0,0
_param_type_to_user_string,function,10,1,3,0,0
__init__,function,26,3,1,0,0
__str__,function,30,1,1,0,0
__init__,function,43,4,1,0,0
__str__,function,53,1,2,0,0
__init__,function,68,2,1,0,0
__str__,function,71,1,1,0,0
__init__,function,82,3,1,0,0
__str__,function,86,1,1,0,0
_split_annotation_from_typer_annotations,function,94,1,3,0,0
get_params_from_function,function,107,1,16,0,0
_sanitize_help_text,function,28,1,2,45,0
source_vars,function,41,1,1,0,0
get_completion_args,function,48,1,2,0,0
format_completion,function,60,2,1,0,0
complete,function,66,1,2,0,0
source_vars,function,77,1,1,0,0
get_completion_args,function,84,1,3,0,0
format_completion,function,95,2,2,0,0
escape,function,96,1,1,0,0
complete,function,113,1,3,0,0
source_vars,function,128,1,1,0,0
get_completion_args,function,135,1,3,0,0
format_completion,function,146,2,2,0,0
complete,function,159,1,6,0,0
source_vars,function,181,1,1,0,0
get_completion_args,function,188,1,1,0,0
format_completion,function,195,2,1,0,0
completion_init,function,199,0,1,0,0
get_completion_script,function,81,0,2,0,0
install_bash,function,97,0,4,0,0
install_zsh,function,123,0,4,0,0
install_fish,function,151,0,1,0,0
install_powershell,function,162,0,8,0,0
install,function,205,3,10,0,0
_get_shell_name,function,242,0,3,128,0
normalize_choice,function,10,3,4,0,0
is_union,function,21,1,1,0,0
is_union,function,27,1,2,0,0
is_none_type,function,52,1,3,0,0
is_callable_type,function,59,1,2,0,0
is_literal_type,function,63,1,1,0,0
literal_values,function,69,1,1,0,0
all_literal_values,function,73,1,4,190,0
shell_complete,function,7,3,1,0,0
main,function,15,1,1,10,1
complete,function,6,3,1,0,0
main,function,18,1,1,0,1
complete,function,6,3,1,0,0
main,function,18,1,1,0,1
main,function,7,3,1,10,1
main,function,9,0,2,0,1
main,function,7,1,1,0,1
main,function,7,1,1,0,1
broken,function,15,1,1,0,1
main,function,10,1,1,0,1
main,function,11,1,1,0,1
test_script_help,function,5,0,2,0,0
test_script,function,24,0,2,0,0
test_script_completion_run,function,6,0,2,0,0
test_doc,function,7,0,3,0,0
test_doc_output,function,31,1,3,0,0
test_doc_title_output,function,59,1,3,0,0
test_doc_no_rich,function,89,0,3,0,0
test_doc_not_existing,function,113,0,2,0,0
test_doc_no_typer,function,132,0,2,0,0
test_doc_file_not_existing,function,151,0,2,0,0
test_doc_html_output,function,170,1,3,0,0
test_script_help,function,5,0,2,0,0
test_script_help,function,5,0,4,0,0
test_script_top,function,26,0,2,0,0
test_script_hello,function,45,0,2,0,0
test_script_bye,function,64,0,2,0,0
test_script_sub_command_help,function,83,0,2,0,0
test_script_sub_sub_command,function,103,0,2,0,0
test_script_help,function,5,0,2,0,0
test_script_hello,function,24,0,2,0,0
test_script_bye,function,43,0,2,0,0
test_script,function,5,0,2,0,0
test_script_help,function,5,0,2,0,0
test_not_python,function,23,0,2,0,0
test_script_help,function,5,0,3,0,0
test_script_app_non_existent,function,25,0,2,0,0
test_script_sub,function,46,0,3,0,0
test_script_top,function,67,0,2,0,0
test_script_sub_hello,function,86,0,2,0,0
test_script_sub_bye,function,106,0,2,0,0
test_script_help,function,5,0,3,0,0
test_script_sub,function,25,0,3,0,0
test_script_top,function,46,0,2,0,0
test_script_sub_hello,function,65,0,2,0,0
test_script_sub_bye,function,85,0,2,0,0
test_script_help,function,5,0,4,0,0
test_script,function,28,0,2,0,0
test_help,function,5,0,2,0,0
test_script,function,24,0,2,0,0
test_script_func_non_existent,function,44,0,2,0,0
test_script_func_not_function,function,66,0,2,0,0
test_script_func,function,88,0,3,0,0
test_not_python,function,5,0,2,0,0
test_script_hello,function,5,0,2,0,0
test_script_hello_name,function,24,0,2,0,0
test_script_hello_name_formal,function,45,0,2,0,0
test_script_bye,function,67,0,2,0,0
test_script_bye_friend,function,86,0,2,0,0
test_script_help,function,106,0,2,0,0
test_not_python,function,124,0,2,0,0
test_script_completion_run,function,6,0,2,0,0
test_script_help,function,5,0,5,0,0
test_script_help,function,5,0,2,0,0
_complete,function,10,1,3,0,0
image,function,20,1,1,0,1
create,function,7,1,1,47,1
delete,function,15,1,1,37,1
delete_all,function,23,0,1,44,1
f,function,9,1,1,0,1
test_show_completion,function,13,0,2,0,2
test_install_completion,function,30,0,6,0,3
test_completion_invalid_instruction,function,53,0,3,0,0
test_completion_source_bash,function,67,0,2,0,0
test_completion_source_invalid_shell,function,83,0,2,0,0
test_completion_source_invalid_instruction,function,96,0,2,0,0
test_completion_source_zsh,function,109,0,2,0,0
test_completion_source_fish,function,122,0,2,0,0
test_completion_source_powershell,function,135,0,2,0,0
test_completion_source_pwsh,function,151,0,2,0,0
get_mod,function,18,1,1,0,1
test_completion_complete_subcommand_bash,function,24,1,2,0,0
test_completion_complete_subcommand_bash_invalid,function,41,1,2,0,0
test_completion_complete_subcommand_zsh,function,57,1,2,0,0
test_completion_complete_subcommand_zsh_files,function,75,1,2,0,0
test_completion_complete_subcommand_fish,function,90,1,2,0,0
test_completion_complete_subcommand_fish_should_complete,function,109,1,2,0,0
test_completion_complete_subcommand_fish_should_complete_no,function,125,1,2,0,0
test_completion_complete_subcommand_powershell,function,141,1,2,0,0
test_completion_complete_subcommand_pwsh,function,158,1,2,0,0
test_completion_complete_subcommand_noshell,function,175,1,2,0,0
test_completion_complete_subcommand_zsh,function,8,0,3,0,0
test_completion_complete_subcommand_fish,function,23,0,2,0,0
test_completion_complete_subcommand_powershell,function,38,0,2,0,0
test_completion_complete_subcommand_pwsh,function,52,0,2,0,0
test_script,function,8,0,7,0,0
test_completion_complete_subcommand_bash,function,34,0,2,0,0
test_completion_complete_subcommand_zsh,function,49,0,2,0,0
test_completion_complete_subcommand_fish,function,66,0,2,0,0
test_completion_complete_subcommand_powershell,function,84,0,2,0,0
test_completion_complete_subcommand_pwsh,function,100,0,2,0,0
test_completion_install_no_shell,function,19,0,2,0,1
test_completion_install_bash,function,33,0,8,0,1
test_completion_install_zsh,function,73,0,8,0,1
test_completion_install_fish,function,113,0,4,0,1
test_completion_install_powershell,function,143,0,8,0,1
test_script,function,8,0,3,0,0
test_completion_colon_bash_all,function,18,0,4,0,0
test_completion_colon_bash_partial,function,35,0,4,0,0
test_completion_colon_bash_single,function,52,0,4,0,0
test_completion_colon_zsh_all,function,69,0,4,0,0
test_completion_colon_zsh_partial,function,85,0,4,0,0
test_completion_colon_zsh_single,function,101,0,4,0,0
test_completion_colon_powershell_all,function,117,0,4,0,0
test_completion_colon_powershell_partial,function,134,0,4,0,0
test_completion_colon_powershell_single,function,151,0,4,0,0
test_completion_colon_pwsh_all,function,168,0,4,0,0
test_completion_colon_pwsh_partial,function,185,0,4,0,0
test_completion_colon_pwsh_single,function,202,0,4,0,0
test_script,function,8,0,3,0,0
test_completion_path_bash,function,18,0,2,0,0
test_completion_show_no_shell,function,16,0,2,0,0
test_completion_show_bash,function,29,0,2,0,0
test_completion_source_zsh,function,53,0,2,0,0
test_completion_source_fish,function,74,0,2,0,0
test_completion_source_powershell,function,95,0,2,0,0
test_completion_source_pwsh,function,119,0,2,0,0
test_completion_show_invalid_shell,function,143,0,3,0,0
test_sanitize_help_text,function,34,3,3,0,1
create_config_file,function,15,0,1,0,1
test_cli_config_doesnt_exist,function,27,0,3,0,0
test_cli_config_exists,function,33,1,3,0,0
test_script,function,39,0,2,0,0
test_traceback_rich,function,14,0,6,0,0
test_standard_traceback_env_var,function,37,1,6,0,1
test_script,function,53,0,2,0,0
test_traceback_rich,function,14,0,6,0,0
test_standard_traceback_env_var,function,37,1,6,0,1
test_script,function,53,0,2,0,0
test_traceback_rich_pretty_short_disable,function,13,0,6,0,0
test_script,function,33,0,2,0,0
test_rich_pretty_exceptions_disable,function,13,0,5,0,0
test_script,function,32,0,2,0,0
test_cli,function,12,0,2,0,0
test_script,function,19,0,2,0,0
test_1,function,15,0,3,0,0
test_2,function,21,0,3,0,0
test_script,function,27,0,2,0,0
test_1,function,15,0,3,0,0
test_2,function,21,0,3,0,0
test_script,function,27,0,2,0,0
test_help,function,15,0,9,0,0
test_1,function,27,0,3,0,0
test_formal_1,function,33,0,3,0,0
test_formal_2,function,39,0,3,0,0
test_formal_3,function,45,0,3,0,0
test_script,function,51,0,2,0,0
test_help,function,15,0,9,0,0
test_1,function,27,0,3,0,0
test_option_lastname,function,33,0,3,0,0
test_option_lastname_2,function,39,0,3,0,0
test_formal_1,function,45,0,3,0,0
test_script,function,51,0,2,0,0
test_help,function,15,0,4,0,0
test_1,function,22,0,3,0,0
test_option_lastname,function,28,0,3,0,0
test_option_lastname_2,function,34,0,3,0,0
test_formal_1,function,40,0,3,0,0
test_script,function,46,0,2,0,0
test_cli,function,12,0,4,0,0
test_script,function,21,0,2,0,0
app_dir,function,16,0,7,0,1
test_cli,function,32,1,4,0,0
test_script,function,41,0,2,0,0
test_help,function,8,0,4,0,0
test_version,function,17,0,3,0,0
test_users_help,function,24,0,4,0,0
test_add_user,function,33,0,3,0,0
test_delete_user,function,40,0,3,0,0
get_mod,function,19,1,1,0,1
test_1,function,25,1,3,0,0
test_script,function,31,1,2,0,0
get_mod,function,21,1,1,0,1
test_completion,function,27,1,4,0,0
test_1,function,44,1,3,0,0
test_script,function,50,1,2,0,0
get_mod,function,21,1,1,0,1
test_completion_zsh,function,27,1,4,0,0
test_completion_powershell,function,44,1,4,0,0
test_1,function,62,1,3,0,0
test_script,function,68,1,2,0,0
get_mod,function,23,1,1,0,1
test_completion,function,29,1,4,0,0
test_1,function,46,1,3,0,0
test_script,function,52,1,2,0,0
get_mod,function,19,1,1,0,1
test_1,function,25,1,3,0,0
test_2,function,31,1,4,0,0
test_script,function,38,1,2,0,0
get_mod,function,21,1,1,0,1
test_completion,function,27,1,4,0,0
test_1,function,44,1,4,0,0
test_script,function,51,1,2,0,0
get_mod,function,21,1,1,0,1
test_completion,function,27,1,5,0,0
test_1,function,45,1,4,0,0
test_script,function,52,1,2,0,0
get_mod,function,21,1,1,0,1
test_completion,function,27,1,5,0,0
test_1,function,45,1,4,0,0
test_script,function,52,1,2,0,0
test_cli,function,16,0,4,0,0
test_script,function,38,0,2,0,0
test_cli,function,16,0,4,0,0
test_cli_without_formatting,function,28,0,3,0,0
test_script,function,35,0,2,0,0
test_cli,function,14,0,3,0,0
test_script,function,26,0,2,0,0
test_cli,function,19,0,5,0,1
test_script,function,26,0,2,0,0
test_good_true,function,14,0,3,0,0
test_good_false,function,25,0,3,0,0
test_script,function,36,0,2,0,0
test_cli,function,14,0,3,0,0
test_script,function,25,0,2,0,0
test_cli_one_step,function,16,0,4,0,0
test_cli,function,28,0,7,0,0
test_script,function,42,0,2,0,0
test_cli,function,15,0,4,0,0
test_script,function,27,0,2,0,0
test_cli,function,15,0,5,0,0
test_script,function,27,0,2,0,0
test_cli,function,15,0,7,0,0
fake_iterate_user_ids,function,18,0,2,0,0
test_cli_no_mock_generator,function,41,0,5,0,0
test_script,function,55,0,2,0,0
test_cli,function,15,0,5,0,0
test_script,function,27,0,2,0,0
test_cli,function,15,0,5,0,0
test_script,function,27,0,2,0,0
test_cli,function,12,0,4,0,0
test_script,function,19,0,2,0,0
test_cli,function,12,0,4,0,0
test_no_confirm,function,19,0,5,0,0
test_script,function,27,0,2,0,0
test_cli,function,12,0,4,0,0
test_no_confirm,function,19,0,4,0,0
test_script,function,26,0,2,0,0
test_cli,function,12,0,4,0,0
test_script,function,19,0,2,0,0
mod,function,14,1,2,0,1
app,function,23,1,1,0,1
test_help,function,27,1,6,0,0
test_help_items,function,36,1,7,0,0
test_items_create,function,46,1,3,0,0
test_items_sell,function,52,1,3,0,0
test_items_delete,function,58,1,3,0,0
test_help_users,function,64,1,7,0,0
test_users_create,function,74,1,3,0,0
test_users_delete,function,80,1,3,0,0
test_scripts,function,86,1,3,0,0
test_help,function,12,0,6,0,0
test_help_items,function,21,0,7,0,0
test_items_create,function,31,0,3,0,0
test_items_sell,function,37,0,3,0,0
test_items_delete,function,43,0,3,0,0
test_help_users,function,49,0,7,0,0
test_users_create,function,59,0,3,0,0
test_users_delete,function,65,0,3,0,0
test_script,function,71,0,2,0,0
mod,function,15,1,2,0,1
app,function,24,1,1,0,1
test_help,function,28,1,7,0,0
test_help_items,function,38,1,7,0,0
test_items_create,function,48,1,5,0,0
test_items_sell,function,58,1,5,0,0
test_items_delete,function,68,1,5,0,0
test_help_users,function,78,1,7,0,0
test_users_create,function,88,1,5,0,0
test_users_delete,function,98,1,5,0,0
test_help_lands,function,108,1,6,0,0
test_help_lands_reigns,function,117,1,6,0,0
test_lands_reigns_conquer,function,126,1,3,0,0
test_lands_reigns_destroy,function,132,1,3,0,0
test_help_lands_towns,function,138,1,6,0,0
test_lands_towns_found,function,147,1,3,0,0
test_lands_towns_burn,function,153,1,3,0,0
test_scripts,function,159,1,3,0,0
test_cli,function,12,0,4,0,0
test_existing,function,19,0,4,0,0
test_existing_no_standalone,function,26,0,4,0,0
test_script,function,34,0,2,0,0
test_cli,function,12,0,3,0,0
test_root,function,18,0,3,0,0
test_script,function,24,0,2,0,0
test_cli,function,15,0,3,0,0
test_root,function,21,0,4,0,0
test_root_no_standalone,function,28,0,2,0,0
test_root_no_rich,function,34,1,4,0,0
test_script,function,43,0,2,0,0
test_app01,function,8,0,1,0,0
test_script,function,12,0,2,0,0
get_modules_path,function,16,1,1,0,1
get_main_mod,function,21,1,1,0,1
get_test_mod,function,27,1,1,0,1
test_app02,function,32,1,1,0,0
test_script,function,36,1,2,0,0
test_app03,function,8,0,1,0,0
test_script,function,12,0,2,0,0
test_no_arg,function,13,0,3,0,0
test_arg,function,19,0,3,0,0
test_script,function,25,0,2,0,0
test_help,function,11,0,5,0,0
test_cli_prompt,function,21,0,4,0,0
test_cli_with_name,function,28,0,3,0,0
test_cli_with_name_and_count,function,34,0,4,0,0
test_script,function,41,0,2,0,0
test_help,function,11,0,5,0,0
test_initdb,function,19,0,2,0,0
test_dropdb,function,24,0,2,0,0
test_script,function,29,0,2,0,0
test_cli,function,11,0,2,0,0
test_help,function,16,0,5,0,0
test_typer,function,24,0,2,0,0
test_click,function,29,0,2,0,0
test_script,function,34,0,2,0,0
test_cli,function,11,0,4,0,0
test_typer,function,18,0,2,0,0
test_click_initdb,function,23,0,2,0,0
test_click_dropdb,function,28,0,2,0,0
test_script,function,33,0,2,0,0
test_cli,function,13,0,4,0,0
test_script,function,20,0,2,0,0
test_cli,function,13,0,4,0,0
test_script,function,20,0,2,0,0
test_cli,function,13,0,5,0,0
test_for_coverage,function,21,0,1,0,0
test_script,function,25,0,2,0,0
test_cli,function,13,0,6,0,0
test_for_coverage,function,22,0,1,0,0
test_script,function,27,0,2,0,0
test_help,function,13,0,5,0,0
test_command_help,function,21,0,3,0,0
test_command,function,27,0,3,0,0
test_script,function,33,0,2,0,0
test_help,function,13,0,5,0,0
test_command_help,function,21,0,3,0,0
test_command,function,27,0,3,0,0
test_script,function,33,0,2,0,0
test_help,function,13,0,5,0,0
test_command_help,function,21,0,3,0,0
test_command,function,27,0,3,0,0
test_script,function,33,0,2,0,0
test_help,function,13,0,5,0,0
test_command_help,function,21,0,3,0,0
test_command,function,27,0,3,0,0
test_script,function,33,0,2,0,0
test_help,function,13,0,5,0,0
test_command_help,function,21,0,3,0,0
test_command,function,27,0,3,0,0
test_script,function,33,0,2,0,0
test_help,function,13,0,5,0,0
test_command_help,function,21,0,3,0,0
test_command,function,27,0,3,0,0
test_script,function,33,0,2,0,0
test_help,function,13,0,5,0,0
test_command_help,function,21,0,3,0,0
test_command,function,27,0,3,0,0
test_script,function,33,0,2,0,0
test_help,function,13,0,5,0,0
test_command_help,function,21,0,3,0,0
test_command,function,27,0,3,0,0
test_script,function,33,0,2,0,0
get_mod,function,19,1,1,0,1
test_help,function,25,1,4,0,0
test_no_force,function,32,1,3,0,0
test_force,function,38,1,3,0,0
test_invalid_no_force,function,44,1,3,0,0
test_script,function,50,1,2,0,0
get_mod,function,24,1,1,0,1
test_help,function,30,1,5,0,0
test_help_no_rich,function,38,2,5,0,0
test_main,function,47,1,3,0,0
test_accept,function,53,1,3,0,0
test_reject,function,59,1,3,0,0
test_invalid_no_accept,function,65,1,3,0,0
test_script,function,71,1,2,0,0
get_mod,function,19,1,1,0,1
test_help,function,25,1,6,0,0
test_force,function,34,1,3,0,0
test_no_force,function,40,1,3,0,0
test_script,function,46,1,2,0,0
get_mod,function,19,1,1,0,1
test_help,function,25,1,4,0,0
test_main,function,32,1,3,0,0
test_demo,function,38,1,3,0,0
test_short_demo,function,44,1,3,0,0
test_script,function,50,1,2,0,0
get_mod,function,19,1,1,0,1
test_help,function,25,1,2,0,0
test_parse_custom_type,function,30,1,3,0,0
test_parse_custom_type_with_default,function,36,1,3,0,0
test_script,function,42,1,2,0,0
get_mod,function,19,1,1,0,1
test_help,function,25,1,2,0,0
test_parse_custom_type,function,30,1,3,0,0
test_parse_custom_type_with_default,function,36,1,3,0,0
test_script,function,42,1,2,0,0
test_help,function,12,0,3,0,0
test_main,function,18,0,4,0,0
test_invalid,function,25,0,7,0,0
test_script,function,38,0,2,0,0
get_mod,function,19,1,1,0,1
test_main,function,25,1,3,0,0
test_usa_weird_date_format,function,31,1,3,0,0
test_script,function,37,1,2,0,0
test_help,function,12,0,5,0,0
test_main,function,20,0,3,0,0
test_main_default,function,26,0,3,0,0
test_invalid_case,function,32,0,7,0,0
test_invalid_other,function,42,0,7,0,0
test_script,function,52,0,2,0,0
get_mod,function,19,1,1,0,1
test_upper,function,25,1,3,0,0
test_mix,function,31,1,3,0,0
test_script,function,37,1,2,0,0
get_mod,function,19,1,1,0,1
test_help,function,25,1,5,0,0
test_call_no_arg,function,33,1,3,0,0
test_call_single_arg,function,39,1,3,0,0
test_call_multiple_arg,function,45,1,3,0,0
test_script,function,51,1,2,0,0
get_mod,function,23,1,1,0,1
test_help,function,29,1,3,0,0
test_main,function,35,1,3,0,0
test_invalid,function,41,1,8,0,0
test_script,function,54,1,2,0,0
get_mod,function,20,1,1,0,1
test_main,function,26,2,4,0,0
test_script,function,36,1,2,0,0
get_mod,function,20,1,1,0,1
test_main,function,26,2,5,0,0
test_script,function,38,1,2,0,0
get_mod,function,20,1,1,0,1
test_main,function,26,2,3,0,0
test_script,function,35,1,2,0,0
get_mod,function,20,1,1,0,1
test_main,function,26,2,6,0,0
test_script,function,39,1,2,0,0
get_mod,function,20,1,1,0,1
test_main,function,26,2,5,0,0
test_script,function,41,1,2,0,0
test_help,function,12,0,6,0,0
test_params,function,21,0,6,0,0
test_invalid,function,32,0,4,0,0
test_script,function,39,0,2,0,0
get_mod,function,21,1,1,0,1
test_help,function,27,1,6,0,0
test_help_no_rich,function,36,2,6,0,0
test_params,function,46,1,5,0,0
test_invalid_id,function,54,1,3,0,0
test_invalid_age,function,62,1,4,0,0
test_invalid_score,function,69,2,4,0,0
test_negative_score,function,77,1,5,0,0
test_script,function,85,1,2,0,0
get_mod,function,19,1,1,0,1
test_invalid_id,function,25,1,3,0,0
test_clamped,function,33,1,5,0,0
test_script,function,41,1,2,0,0
get_mod,function,19,1,1,0,1
test_main,function,25,1,3,0,0
test_verbose_1,function,31,1,3,0,0
test_verbose_3,function,37,1,3,0,0
test_verbose_short_1,function,43,1,3,0,0
test_verbose_short_3,function,49,1,3,0,0
test_verbose_short_3_condensed,function,55,1,3,0,0
test_script,function,61,1,2,0,0
get_mod,function,24,1,1,0,1
test_no_path,function,30,2,4,0,0
test_not_exists,function,38,2,4,0,0
test_exists,function,47,2,3,0,0
test_dir,function,56,1,3,0,0
test_script,function,62,1,2,0,0
get_mod,function,20,1,1,0,1
test_not_exists,function,26,2,6,0,0
test_exists,function,37,2,3,0,0
test_dir,function,46,1,4,0,0
test_script,function,53,1,2,0,0
test_main,function,12,0,4,0,0
test_invalid_uuid,function,19,0,3,0,0
test_script,function,28,0,2,0,0
get_mod,function,23,1,1,0,1
test_1,function,29,1,3,0,0
test_2,function,35,1,4,0,0
test_script,function,42,1,2,0,0
get_mod,function,23,1,1,0,1
test_1,function,29,1,4,0,0
test_2,function,36,1,5,0,0
test_script,function,44,1,2,0,0
get_mod,function,25,1,1,0,1
test_1,function,31,1,4,0,0
test_2,function,38,1,4,0,0
test_script,function,45,1,2,0,0
test_completion,function,54,1,2,0,0
get_mod,function,25,1,1,0,1
test_1,function,31,1,4,0,0
test_2,function,38,1,4,0,0
test_script,function,45,1,2,0,0
test_completion,function,54,1,2,0,0
get_mod,function,19,1,1,0,1
test_help,function,25,1,6,0,0
test_1,function,34,1,3,0,0
test_option_lastname,function,40,1,3,0,0
test_formal,function,46,1,3,0,0
test_script,function,52,1,2,0,0
get_mod,function,19,1,1,0,1
test_call,function,25,1,3,0,0
test_formal,function,31,1,3,0,0
test_help,function,37,1,8,0,0
test_script,function,48,1,2,0,0
get_mod,function,19,1,1,0,1
test_call,function,25,1,3,0,0
test_help,function,31,1,5,0,0
test_script,function,39,1,2,0,0
get_mod,function,19,1,1,0,1
test_call,function,25,1,3,0,0
test_help,function,31,1,5,0,0
test_script,function,39,1,2,0,0
get_mod,function,19,1,1,0,1
test_option_help,function,25,1,5,0,0
test_call,function,33,1,3,0,0
test_call_no_args,function,39,1,3,0,0
test_script,function,45,1,2,0,0
get_mod,function,19,1,1,0,1
test_option_help,function,25,1,6,0,0
test_call,function,34,1,3,0,0
test_call_long,function,40,1,3,0,0
test_script,function,46,1,2,0,0
get_mod,function,19,1,1,0,1
test_option_help,function,25,1,6,0,0
test_call,function,34,1,3,0,0
test_script,function,40,1,2,0,0
get_mod,function,19,1,1,0,1
test_option_help,function,25,1,6,0,0
test_call,function,34,1,3,0,0
test_call_long,function,40,1,3,0,0
test_script,function,46,1,2,0,0
get_mod,function,19,1,1,0,1
test_option_help,function,25,1,7,0,0
test_call,function,35,1,3,0,0
test_call_formal,function,41,1,3,0,0
test_call_formal_condensed,function,47,1,3,0,0
test_call_condensed_wrong_order,function,53,1,2,0,0
test_script,function,58,1,2,0,0
get_mod,function,21,1,1,0,1
test_option_email,function,27,1,3,0,0
test_option_email_prompt,function,33,1,5,0,0
test_help,function,43,1,3,0,0
test_script,function,50,1,2,0,0
get_mod,function,21,1,1,0,1
test_option_password,function,27,1,4,0,0
test_option_password_prompt,function,34,1,8,0,0
test_help,function,47,1,3,0,0
test_script,function,54,1,2,0,0
get_mod,function,19,1,1,0,1
test_option_lastname,function,25,1,3,0,0
test_option_lastname_prompt,function,31,1,4,0,0
test_help,function,38,1,5,0,0
test_script,function,46,1,2,0,0
get_mod,function,19,1,1,0,1
test_option_lastname,function,25,1,3,0,0
test_option_lastname_prompt,function,31,1,4,0,0
test_help,function,38,1,5,0,0
test_script,function,46,1,2,0,0
get_mod,function,19,1,1,0,1
test_prompt,function,25,1,3,0,0
test_prompt_not_equal,function,31,1,4,0,0
test_option,function,40,1,4,0,0
test_help,function,47,1,5,0,0
test_script,function,55,1,2,0,0
get_mod,function,22,1,1,0,1
test_1,function,28,1,3,0,0
test_option_lastname,function,34,1,3,0,0
test_help,function,40,1,5,0,0
test_help_no_rich,function,48,2,5,0,0
test_script,function,57,1,2,0,0
get_mod,function,25,1,1,0,1
test_version,function,31,1,3,0,0
test_version_with_name,function,37,1,4,0,0
test_no_version,function,44,1,3,0,0
test_script,function,50,1,2,0,0
test_completion,function,59,1,2,0,0
get_mod,function,25,1,1,0,1
test_version_camila,function,31,1,3,0,0
test_version_not_camila,function,37,1,4,0,0
test_version_camila_no_version,function,44,1,3,0,0
test_script,function,50,1,2,0,0
test_completion,function,59,1,2,0,0
get_mod,function,25,1,1,0,1
test_1,function,31,1,3,0,0
test_2,function,37,1,4,0,0
test_3,function,44,1,3,0,0
test_script,function,50,1,2,0,0
test_completion,function,59,1,2,0,0
test_main,function,14,0,4,0,0
test_script,function,21,0,2,0,0
get_mod,function,19,1,1,0,1
test_help,function,27,1,5,0,0
test_defaults,function,35,1,5,0,0
test_invalid_args,function,43,1,3,0,0
test_valid_args,function,49,1,5,0,0
test_script,function,57,1,2,0,0
get_mod,function,23,1,1,0,1
test_main,function,29,1,5,0,0
test_1_user,function,37,1,3,0,0
test_3_user,function,43,1,5,0,0
test_script,function,53,1,2,0,0
get_mod,function,19,1,1,0,1
test_main,function,25,1,3,0,0
test_1_number,function,31,1,3,0,0
test_2_number,function,37,1,3,0,0
test_script,function,45,1,2,0,0
get_mod,function,19,1,1,0,1
test_main,function,27,1,4,0,0
test_user_1,function,34,1,4,0,0
test_user_2,function,41,1,4,0,0
test_invalid_user,function,48,1,3,0,0
test_script,function,54,1,2,0,0
test_help_create,function,13,0,3,0,0
test_help_delete,function,19,0,3,0,0
test_create,function,25,0,3,0,0
test_delete,function,31,0,3,0,0
test_script,function,37,0,2,0,0
test_help,function,15,0,5,0,0
test_help_no_rich,function,23,1,5,0,0
test_create,function,32,0,3,0,0
test_create_verbose,function,38,0,6,0,0
test_delete,function,47,0,3,0,0
test_delete_verbose,function,53,0,6,0,0
test_wrong_verbose,function,62,0,3,0,0
test_script,function,68,0,2,0,0
test_app,function,13,0,4,0,0
test_script,function,20,0,2,0,0
test_app,function,13,0,5,0,0
test_for_coverage,function,21,0,1,0,0
test_script,function,25,0,2,0,0
test_help,function,13,0,5,0,0
test_app,function,21,0,3,0,0
test_script,function,27,0,2,0,0
test_create,function,13,0,4,0,0
test_delete,function,20,0,4,0,0
test_script,function,27,0,2,0,0
test_create,function,13,0,4,0,0
test_delete,function,20,0,4,0,0
test_callback,function,27,0,3,0,0
test_script,function,33,0,2,0,0
test_create,function,13,0,4,0,0
test_delete,function,20,0,4,0,0
test_callback,function,27,0,3,0,0
test_script,function,33,0,2,0,0
test_1,function,13,0,6,0,0
test_script,function,22,0,2,0,0
get_mod,function,19,1,1,0,1
test_help,function,25,1,11,0,0
test_help_create,function,39,1,4,0,0
test_help_delete,function,46,1,7,0,0
test_help_delete_all,function,56,1,9,0,0
test_help_init,function,68,1,4,0,0
test_create,function,75,1,3,0,0
test_delete,function,81,1,4,0,0
test_no_delete,function,88,1,4,0,0
test_delete_all,function,95,1,4,0,0
test_no_delete_all,function,102,1,4,0,0
test_init,function,109,1,3,0,0
test_script,function,115,1,2,0,0
test_help,function,13,0,8,0,0
test_help_create,function,24,0,4,0,0
test_help_delete,function,31,0,4,0,0
test_create,function,38,0,3,0,0
test_delete,function,44,0,3,0,0
test_script,function,50,0,2,0,0
test_help,function,13,0,7,0,0
test_help_delete,function,23,0,4,0,0
test_call,function,30,0,3,0,0
test_script,function,38,0,2,0,0
get_mod,function,20,1,1,0,1
test_help,function,26,1,8,0,0
test_help_create,function,37,1,5,0,0
test_help_delete,function,45,1,6,0,0
test_create,function,54,1,3,0,0
test_delete,function,60,1,3,0,0
test_script,function,66,1,2,0,0
get_mod,function,20,1,1,0,1
test_help,function,26,1,8,0,0
test_help_create,function,37,1,6,0,0
test_help_delete,function,46,1,6,0,0
test_create,function,55,1,3,0,0
test_delete,function,61,1,3,0,0
test_script,function,67,1,2,0,0
test_main_help,function,14,0,13,0,0
test_call,function,30,0,7,0,0
test_script,function,46,0,2,0,0
get_mod,function,24,1,1,0,1
test_main_help,function,30,1,7,0,0
test_create_help,function,40,1,15,0,0
test_call,function,58,1,3,0,0
test_script,function,66,1,2,0,0
test_main_help,function,13,0,4,0,0
test_call,function,20,0,2,0,0
test_script,function,26,0,2,0,0
test_help,function,13,0,6,0,0
test_create,function,22,0,3,0,0
test_delete,function,28,0,3,0,0
test_script,function,34,0,2,0,0
test_no_arg,function,13,0,5,0,0
test_no_additional_output,function,21,0,3,61,0
test_create,function,28,0,3,0,0
test_delete,function,34,0,3,0,0
test_script,function,40,0,2,0,0
test_help,function,13,0,7,0,0
test_create,function,27,0,3,0,0
test_delete,function,33,0,3,0,0
test_script,function,39,0,2,0,0
test_creates_successfully,function,9,0,5,38,0
test_shows_suggestion,function,20,0,3,43,0
test_help,function,13,0,5,0,0
test_create,function,21,0,3,0,0
test_delete,function,27,0,3,0,0
test_script,function,33,0,2,0,0
test_help,function,13,0,4,0,0
test_command,function,20,0,3,0,0
test_script,function,26,0,2,0,0
test_help,function,13,0,6,0,0
test_command,function,22,0,3,0,0
test_script,function,28,0,2,0,0
get_mod,function,19,1,1,0,1
test_help,function,25,1,7,0,0
test_create,function,35,1,3,0,0
test_delete,function,41,1,4,0,0
test_no_delete,function,48,1,4,0,0
test_delete_all,function,55,1,4,0,0
test_no_delete_all,function,62,1,4,0,0
test_delete_all_force,function,69,1,4,0,0
test_init,function,76,1,3,0,0
test_script,function,82,1,2,0,0
get_mod,function,19,1,1,0,1
test_help,function,25,1,5,0,0
test_call_no_arg,function,33,1,3,0,0
test_call_arg,function,39,1,3,0,0
test_script,function,45,1,2,0,0
get_mod,function,19,1,1,0,1
test_help,function,25,1,5,0,0
test_call_no_arg,function,33,1,5,0,0
test_call_arg,function,41,1,3,0,0
test_script,function,47,1,2,0,0
get_mod,function,21,1,1,0,1
test_help,function,27,1,6,0,0
test_help_no_rich,function,36,2,6,0,0
test_call_arg,function,46,1,3,0,0
test_call_env_var,function,52,1,3,0,0
test_call_env_var_arg,function,58,1,3,0,0
test_script,function,64,1,2,0,0
get_mod,function,19,1,1,0,1
test_help,function,25,1,6,0,0
test_call_arg,function,34,1,3,0,0
test_call_env_var1,function,40,1,3,0,0
test_call_env_var2,function,46,1,3,0,0
test_script,function,52,1,2,0,0
get_mod,function,19,1,1,0,1
test_help,function,25,1,6,0,0
test_call_arg,function,34,1,3,0,0
test_call_env_var,function,40,1,3,0,0
test_call_env_var_arg,function,46,1,3,0,0
test_script,function,52,1,2,0,0
get_mod,function,20,1,1,0,1
test_help,function,26,1,7,0,0
test_help_no_rich,function,36,2,7,0,0
test_call_arg,function,47,1,3,0,0
test_script,function,53,1,2,0,0
get_mod,function,19,1,1,0,1
test_help,function,25,1,8,0,0
test_call_arg,function,36,1,3,0,0
test_script,function,42,1,2,0,0
get_mod,function,19,1,1,0,1
test_help,function,25,1,8,0,0
test_call_arg,function,36,1,3,0,0
test_script,function,42,1,2,0,0
get_mod,function,19,1,1,0,1
test_help,function,25,1,8,0,0
test_call_arg,function,36,1,3,0,0
test_script,function,42,1,2,0,0
get_mod,function,19,1,1,0,1
test_help,function,25,1,6,0,0
test_call_arg,function,34,1,3,0,0
test_script,function,40,1,2,0,0
get_mod,function,19,1,1,0,1
test_help,function,25,1,5,0,0
test_call_arg,function,33,1,3,0,0
test_script,function,39,1,2,0,0
get_mod,function,19,1,1,0,1
test_help,function,25,1,5,0,0
test_call_arg,function,33,1,3,0,0
test_script,function,39,1,2,0,0
get_mod,function,20,1,1,0,1
test_help,function,26,1,6,0,0
test_help_no_rich,function,35,2,6,0,0
test_call_arg,function,45,1,3,0,0
test_script,function,51,1,2,0,0
get_mod,function,20,1,1,0,1
get_app,function,27,1,1,0,1
test_cli,function,33,1,3,0,0
test_cli_missing_argument,function,39,1,3,0,0
test_script,function,45,1,2,0,0
get_mod,function,20,1,1,0,1
test_call_no_arg,function,26,1,3,0,0
test_call_no_arg_standalone,function,32,1,2,0,0
test_call_no_arg_no_rich,function,38,2,3,0,0
test_call_arg,function,46,1,3,0,0
test_script,function,52,1,2,0,0
get_mod,function,19,1,1,0,1
test_help,function,25,1,3,0,0
test_call_no_arg,function,31,1,3,0,0
test_call_arg,function,37,1,3,0,0
test_script,function,43,1,2,0,0
test_call_no_arg,function,15,0,3,0,0
test_call_no_arg_standalone,function,21,0,2,0,0
test_call_no_arg_no_rich,function,27,1,3,0,0
test_call_arg,function,35,0,3,0,0
test_script,function,41,0,2,0,0
callback,function,7,1,1,0,1
sub_sub_command,function,7,0,1,0,1
hello,function,16,0,1,0,1
bye,function,21,0,1,0,1
top,function,30,0,1,0,1
hello,function,9,0,1,0,1
bye,function,14,0,1,0,1
some_function,function,1,1,1,0,0
hello,function,9,2,1,9,1
hi,function,17,1,1,6,1
bye,function,24,0,1,7,1
top,function,36,0,1,11,1
hello,function,7,0,1,0,1
bye,function,12,0,1,0,1
top,function,21,0,1,0,1
hello,function,9,2,1,9,1
hi,function,16,1,1,6,1
bye,function,23,0,1,7,1
top,function,34,0,1,11,1
say_stuff,function,4,0,1,0,0
main,function,8,1,1,43,0
hello,function,9,3,1,0,1
hello,function,7,2,2,6,1
bye,function,18,1,2,7,1
main,function,11,0,2,0,1
main,function,7,1,1,0,1
main,function,7,1,1,0,1
main,function,7,1,1,0,1
main,function,7,1,1,0,1
main,function,4,0,1,0,0
main,function,4,1,1,0,0
main,function,4,2,1,0,0
main,function,4,3,2,0,0
main,function,4,3,2,0,0
main,function,4,3,2,89,0
main,function,7,0,1,0,1
main,function,11,0,2,0,1
main,function,9,1,1,0,1
main,function,7,1,1,0,1
complete_name,function,6,0,1,0,0
main,function,14,1,1,0,1
complete_name,function,4,0,1,0,0
main,function,12,1,1,0,1
complete_name,function,8,1,3,0,0
main,function,20,1,1,0,1
complete_name,function,6,1,3,0,0
main,function,18,1,1,0,1
complete_name,function,12,1,3,0,0
main,function,25,1,1,0,1
complete_name,function,10,1,3,0,0
main,function,23,1,1,0,1
complete_name,function,12,1,3,0,0
main,function,22,1,1,0,1
complete_name,function,10,1,3,0,0
main,function,20,1,1,0,1
main,function,9,1,2,0,1
main,function,7,1,2,0,1
complete_name,function,12,2,5,0,0
main,function,23,1,2,0,1
complete_name,function,10,2,5,0,0
main,function,21,1,2,0,1
complete_name,function,15,2,3,0,0
main,function,26,1,2,0,1
complete_name,function,13,2,3,0,0
main,function,24,1,2,0,1
complete_name,function,15,3,5,0,0
main,function,27,1,2,0,1
complete_name,function,13,3,5,0,0
main,function,25,1,2,0,1
main,function,16,0,1,0,1
main,function,8,0,1,0,1
main,function,11,0,1,0,1
main,function,10,0,1,0,1
main,function,7,1,2,0,1
main,function,7,1,1,0,1
main,function,10,0,2,0,1
main,function,10,0,2,0,1
main,function,9,0,3,0,1
iterate_user_ids,function,6,0,2,0,0
main,function,16,0,3,0,1
main,function,9,0,3,0,1
main,function,9,0,3,0,1
main,function,7,0,1,0,1
main,function,7,0,2,0,1
main,function,7,0,1,0,1
main,function,8,0,1,0,1
maybe_create_user,function,6,1,2,0,0
send_new_user_notification,function,14,1,1,0,0
main,function,23,1,1,0,1
main,function,7,1,2,0,1
main,function,7,1,2,0,1
main,function,7,1,1,0,1
hello,function,7,2,2,59,3
cli,function,5,0,1,0,1
initdb,function,10,0,1,0,1
dropdb,function,15,0,1,0,1
top,function,8,0,1,29,1
callback,function,16,0,1,33,1
hello,function,24,1,1,59,2
cli,function,6,0,1,0,1
initdb,function,11,0,1,0,1
dropdb,function,16,0,1,0,1
sub,function,24,0,1,30,1
main,function,9,2,2,0,1
test_app,function,8,0,4,0,0
main,function,9,2,1,0,1
test_app,function,8,0,3,0,0
main,function,7,2,1,0,1
test_app,function,8,0,3,0,0
main,function,4,1,1,0,0
test_app,function,12,0,3,0,0
users_callback,function,10,0,1,0,1
create,function,15,1,1,0,1
users_callback,function,6,0,1,0,0
create,function,15,1,1,0,1
default_callback,function,6,0,1,0,0
user_callback,function,15,0,1,0,1
create,function,20,1,1,0,1
default_callback,function,6,0,1,0,0
callback_for_add_typer,function,13,0,1,0,0
user_callback,function,21,0,1,0,1
create,function,26,1,1,0,1
create,function,10,1,1,0,1
users,function,10,0,1,24,1
create,function,17,1,1,0,1
users,function,6,0,1,24,0
create,function,17,1,1,0,1
old_callback,function,6,0,1,18,0
users,function,17,0,1,24,1
create,function,24,1,1,0,1
old_callback,function,6,0,1,18,0
new_users,function,15,0,1,39,0
users,function,25,0,1,24,1
create,function,32,1,1,0,1
old_callback,function,6,0,1,18,0
new_users,function,15,0,1,39,0
users,function,25,0,1,24,1
create,function,32,1,1,0,1
old_callback,function,6,0,1,18,0
new_users,function,15,0,1,39,0
users,function,25,0,1,24,1
create,function,32,1,1,0,1
old_callback,function,6,0,1,18,0
new_users,function,15,0,1,39,0
users,function,30,0,1,24,1
create,function,37,1,1,0,1
create,function,7,1,1,0,1
delete,function,12,1,1,0,1
sell,function,17,1,1,0,1
create,function,7,1,1,0,1
delete,function,12,1,1,0,1
items_create,function,11,1,1,0,1
items_delete,function,16,1,1,0,1
items_sell,function,21,1,1,0,1
users_create,function,26,1,1,0,1
users_delete,function,31,1,1,0,1
create,function,7,1,1,0,1
delete,function,12,1,1,0,1
sell,function,17,1,1,0,1
conquer,function,7,1,1,0,1
destroy,function,12,1,1,0,1
found,function,7,1,1,0,1
burn,function,12,1,1,0,1
create,function,7,1,1,0,1
delete,function,12,1,1,0,1
main,function,9,1,2,0,1
main,function,7,1,2,0,1
main,function,9,1,3,0,1
main,function,9,1,3,0,1
main,function,7,1,3,0,1
main,function,9,1,3,0,1
main,function,9,1,2,0,1
main,function,7,1,2,0,1
main,function,9,1,2,0,1
main,function,7,1,2,0,1
__init__,function,7,2,1,0,0
__str__,function,10,1,1,0,0
parse_custom_class,function,14,1,1,0,0
main,function,22,2,1,0,1
__init__,function,5,2,1,0,0
__str__,function,8,1,1,0,0
parse_custom_class,function,12,1,1,0,0
main,function,20,2,1,0,1
__init__,function,8,2,1,0,0
__repr__,function,11,1,1,0,0
convert,function,18,4,1,0,0
main,function,26,2,1,0,1
__init__,function,6,2,1,0,0
__repr__,function,9,1,1,0,0
convert,function,16,4,1,0,0
main,function,24,2,1,0,1
main,function,9,1,1,0,1
main,function,10,1,1,0,1
main,function,9,1,1,0,1
main,function,16,1,1,0,1
main,function,17,1,1,0,1
main,function,16,1,1,0,1
main,function,17,1,2,0,1
main,function,16,1,2,0,1
main,function,9,1,1,0,1
main,function,9,1,1,0,1
main,function,9,1,1,0,1
main,function,9,1,1,0,1
main,function,9,1,2,0,1
main,function,7,1,2,0,1
main,function,9,1,1,0,1
main,function,7,1,1,0,1
main,function,9,1,2,0,1
main,function,7,1,2,0,1
main,function,9,1,1,0,1
main,function,7,1,1,0,1
main,function,9,1,1,0,1
main,function,7,1,1,0,1
main,function,7,4,1,0,1
main,function,9,3,1,0,1
main,function,7,3,1,0,1
main,function,9,3,1,0,1
main,function,7,3,1,0,1
main,function,9,1,1,0,1
main,function,7,1,1,0,1
main,function,10,1,5,0,1
main,function,10,1,5,0,1
main,function,9,1,5,0,1
main,function,10,1,5,0,1
main,function,10,1,1,0,1
main,function,9,1,1,0,1
main,function,9,1,1,0,1
name_callback,function,8,1,2,0,0
main,function,15,1,1,0,1
name_callback,function,8,1,2,0,0
main,function,15,1,1,0,1
name_callback,function,6,1,2,0,0
main,function,13,1,1,0,1
name_callback,function,8,1,2,0,0
main,function,15,1,1,0,1
name_callback,function,8,1,2,0,0
main,function,16,1,1,0,1
name_callback,function,8,1,2,0,0
main,function,16,1,1,0,1
name_callback,function,6,1,2,0,0
main,function,14,1,1,0,1
name_callback,function,8,1,2,0,0
main,function,16,1,1,0,1
name_callback,function,8,2,3,0,0
main,function,18,1,1,0,1
name_callback,function,8,2,3,0,0
main,function,18,1,1,0,1
name_callback,function,6,2,3,0,0
main,function,16,1,1,0,1
name_callback,function,8,2,3,0,0
main,function,18,1,1,0,1
name_callback,function,8,3,3,0,0
main,function,18,1,1,0,1
name_callback,function,8,3,3,0,0
main,function,18,1,1,0,1
name_callback,function,6,3,3,0,0
main,function,16,1,1,0,1
name_callback,function,8,3,3,0,0
main,function,18,1,1,0,1
main,function,9,3,2,89,1
main,function,7,3,2,89,1
main,function,9,4,2,89,1
main,function,7,4,2,89,1
main,function,9,1,1,0,1
main,function,7,1,1,0,1
main,function,9,1,1,0,1
main,function,7,1,1,0,1
main,function,9,1,1,0,1
main,function,7,1,1,0,1
main,function,9,1,1,0,1
main,function,7,1,1,0,1
main,function,9,1,1,0,1
main,function,7,1,1,0,1
main,function,9,1,1,0,1
main,function,7,1,1,0,1
main,function,9,2,2,0,1
main,function,7,2,2,0,1
main,function,9,2,1,0,1
main,function,7,2,1,0,1
main,function,9,2,1,0,1
main,function,7,2,1,0,1
main,function,9,2,1,0,1
main,function,7,2,1,0,1
main,function,9,2,1,0,1
main,function,7,2,1,0,1
main,function,9,1,1,0,1
main,function,7,1,1,0,1
main,function,9,2,1,0,1
main,function,7,2,1,0,1
main,function,7,2,1,0,1
version_callback,function,10,1,2,0,0
main,function,17,2,1,0,1
version_callback,function,10,1,2,0,0
main,function,17,2,1,0,1
version_callback,function,8,1,2,0,0
main,function,15,2,1,0,1
version_callback,function,10,1,2,0,0
main,function,17,2,1,0,1
version_callback,function,10,1,2,0,0
name_callback,function,16,1,2,0,0
main,function,23,2,1,0,1
version_callback,function,10,1,2,0,0
name_callback,function,16,1,2,0,0
main,function,23,2,1,0,1
version_callback,function,8,1,2,0,0
name_callback,function,14,1,2,0,0
main,function,21,2,1,0,1
version_callback,function,10,1,2,0,0
name_callback,function,16,1,2,0,0
main,function,23,2,1,0,1
version_callback,function,10,1,2,0,0
name_callback,function,16,1,2,0,0
main,function,23,2,1,0,1
version_callback,function,10,1,2,0,0
name_callback,function,16,1,2,0,0
main,function,23,2,1,0,1
version_callback,function,8,1,2,0,0
name_callback,function,14,1,2,0,0
main,function,21,2,1,0,1
version_callback,function,10,1,2,0,0
name_callback,function,16,1,2,0,0
main,function,23,2,1,0,1
version,function,7,0,1,0,1
add,function,7,1,1,0,1
delete,function,7,1,1,0,1
main,function,9,2,3,0,1
main,function,9,1,2,0,1
main,function,7,1,2,0,1
main,function,9,1,3,0,1
main,function,9,1,3,0,1
main,function,7,1,3,0,1
main,function,9,1,3,0,1
main,function,9,1,1,0,1
main,function,7,1,1,0,1
main,function,9,1,3,0,1
main,function,7,1,3,0,1
create,function,7,1,1,0,1
delete,function,12,1,1,0,1
create,function,8,1,3,0,1
delete,function,17,1,3,0,1
main,function,26,1,2,36,1
callback,function,4,0,1,0,0
create,function,12,1,1,0,1
callback,function,4,0,1,0,0
new_callback,function,12,0,1,0,1
create,function,17,1,1,0,1
callback,function,7,0,1,103,1
create,function,18,1,1,0,1
create,function,7,1,1,0,1
delete,function,12,1,1,0,1
main,function,17,1,1,36,1
create,function,7,1,1,0,1
delete,function,12,1,1,0,1
main,function,17,0,1,36,1
create,function,7,1,1,0,1
delete,function,12,1,1,0,1
main,function,17,1,2,36,1
main,function,9,1,2,0,1
create,function,9,1,1,32,1
delete,function,17,2,2,80,1
delete_all,function,39,1,2,85,1
init,function,60,0,1,30,1
create,function,7,1,1,32,1
delete,function,15,2,2,80,1
delete_all,function,35,1,2,85,1
init,function,54,0,1,30,1
create,function,7,1,1,41,1
delete,function,15,1,1,41,1
create,function,7,1,1,14,1
delete,function,15,1,1,70,1
create,function,9,1,1,127,1
delete,function,23,2,1,41,1
create,function,7,1,1,127,1
delete,function,21,2,1,41,1
create,function,9,1,1,172,1
delete,function,27,2,1,41,1
create,function,7,1,1,172,1
delete,function,23,2,1,41,1
create,function,7,1,1,44,1
delete,function,15,1,1,29,1
config,function,23,1,1,41,1
sync,function,31,0,1,75,1
help,function,39,0,1,53,1
report,function,47,0,1,47,1
create,function,9,5,1,44,1
config,function,37,1,1,41,1
create,function,9,5,1,44,1
config,function,37,1,1,41,1
create,function,7,5,1,44,1
config,function,29,1,1,41,1
create,function,9,5,1,44,1
config,function,31,1,1,41,1
create,function,7,1,1,44,1
create,function,7,0,1,0,1
delete,function,12,0,1,0,1
create,function,7,0,1,0,1
delete,function,12,0,1,0,1
delete,function,7,0,1,0,1
create,function,12,0,1,0,1
create,function,7,0,1,0,1
delete,function,12,0,1,0,1
cli_create_user,function,7,1,1,0,1
cli_delete_user,function,12,1,1,0,1
create,function,7,0,1,0,1
callback,function,12,0,1,0,1
create,function,7,0,1,0,1
callback,function,12,0,1,84,1
create,function,9,1,1,0,1
delete,function,14,2,2,0,1
delete_all,function,27,1,2,0,1
init,function,39,0,1,0,1
create,function,7,1,1,0,1
delete,function,12,2,2,0,1
delete_all,function,23,1,2,0,1
init,function,35,0,1,0,1
main,function,9,1,1,0,1
main,function,7,1,1,0,1
get_name,function,9,0,1,0,0
main,function,14,1,1,0,1
get_name,function,8,0,1,0,0
main,function,13,1,1,0,1
main,function,9,1,1,0,1
main,function,7,1,1,0,1
main,function,9,1,1,0,1
main,function,7,1,1,0,1
main,function,9,1,1,0,1
main,function,7,1,1,0,1
main,function,9,1,1,0,1
main,function,7,1,1,0,1
main,function,9,1,1,38,1
main,function,7,1,1,38,1
main,function,9,1,1,38,1
main,function,7,1,1,38,1
main,function,9,1,1,38,1
main,function,7,1,1,38,1
main,function,9,1,1,0,1
main,function,7,1,1,0,1
main,function,9,1,1,0,1
main,function,7,1,1,0,1
main,function,9,3,1,38,1
main,function,7,3,1,38,1
main,function,9,1,1,38,1
main,function,7,1,1,38,1
main,function,6,1,1,0,0
main,function,4,1,1,0,0
main,function,9,1,1,0,1
main,function,7,1,1,0,1
main,function,9,1,1,0,1
main,function,7,1,1,0,1
main,function,7,1,1,0,1
Settings,class,12,0,0,0,0
LinkData,class,21,0,0,0,0
CustomPath,class,87,0,0,0,0
CustomClickParser,class,40,0,0,0,0
CustomClickParser,class,64,0,0,0,0
StupidClass,class,12,0,0,0,0
User,class,9,0,0,0,0
SomeEnum,class,85,0,0,0,0
BaseNumberParamType,class,151,0,0,0,0
State,class,23,0,0,0,0
TyperCLIGroup,class,55,0,0,0,0
TyperArgument,class,252,0,0,0,0
TyperOption,class,413,0,0,0,0
TyperCommand,class,665,0,0,0,0
TyperGroup,class,753,0,0,0,0
Typer,class,116,0,0,0,0
Context,class,28,0,0,0,0
FileText,class,32,0,0,0,0
FileTextWrite,class,36,0,0,0,0
FileBinaryRead,class,40,0,0,0,0
FileBinaryWrite,class,44,0,0,0,0
CallbackParam,class,48,0,0,0,0
DefaultPlaceholder,class,52,0,0,149,0
CommandInfo,class,82,0,0,0,0
TyperInfo,class,117,0,0,0,0
ParameterInfo,class,162,0,0,0,0
OptionInfo,class,271,0,0,0,0
ArgumentInfo,class,400,0,0,0,0
ParamMeta,class,505,0,0,0,0
DeveloperExceptionConfig,class,520,0,0,0,0
TyperPath,class,533,0,0,0,0
OptionHighlighter,class,105,0,0,31,0
NegativeOptionHighlighter,class,116,0,0,0,0
MetavarHighlighter,class,397,0,0,0,0
CliRunner,class,10,0,0,0,0
AnnotatedParamWithDefaultValueError,class,22,0,0,0,0
MixedAnnotatedAndDefaultStyleError,class,38,0,0,0,0
MultipleTyperAnnotationsError,class,65,0,0,0,0
DefaultFactoryAndDefaultValueError,class,78,0,0,0,0
BashComplete,class,37,0,0,0,0
ZshComplete,class,73,0,0,0,0
FishComplete,class,124,0,0,0,0
PowerShellComplete,class,177,0,0,0,0
Shells,class,15,0,0,0,0
TyperChoice,class,9,0,0,0,0
CustomClass,class,6,0,0,0,0
CustomClass,class,4,0,0,0,0
CustomClass,class,7,0,0,0,0
CustomClassParser,class,15,0,0,0,0
CustomClass,class,5,0,0,0,0
CustomClassParser,class,13,0,0,0,0
NeuralNetwork,class,6,0,0,0,0
NeuralNetwork,class,7,0,0,0,0
NeuralNetwork,class,6,0,0,0,0
Food,class,7,0,0,0,0
Food,class,6,0,0,0,0
